m1,m2
ACCESS1-0,ACCESS1.0
ACCESS1-3,ACCESS1.3
BNU-ESM,BNU-ESM
CCSM4,CCSM4
CESM1-BGC,CESM1(BGC)
CMCC-CM,CMCC-CM
CMCC-CMS,CMCC-CMS
CNRM-CM5,CNRM-CM5
CSIRO-Mk3-6-0,CSIRO-Mk3.6.0
CanESM2,CanESM2
EC-EARTH,EC-EARTH
FGOALS-g2,FGOALS-g2
GFDL-CM3,GFDL-CM3
GFDL-ESM2G,GFDL-ESM2G
GFDL-ESM2M,GFDL-ESM2M
HadGEM2-CC,HadGEM2-CC
HadGEM2-ES,HadGEM2-ES
IPSL-CM5A-LR,IPSL-CM5A-LR
IPSL-CM5A-MR,IPSL-CM5A-MR
IPSL-CM5B-LR,IPSL-CM5B-LR
MIROC-ESM,MIROC-ESM
MIROC-ESM-CHEM,MIROC-ESM-CHEM
MIROC5,MIROC5
MPI-ESM-LR,MPI-ESM-LR
MPI-ESM-MR,MPI-ESM-MR
MRI-CGCM3,MRI-CGCM3
NorESM1-M,NorESM1-M
bcc-csm1-1,BCC-CSM1.1
bcc-csm1-1-m,BCC-CSM1.1(m)
inmcm4,INM-CM4
